Workbook
Name Ad_Spend: 'Campaign Metadata'!$E$2:$E$6
Name Ad_Spend: 'Engagement Summary'!$G$2:$G$201
Name Campaign: Posts!$L$2:$L$568
Name Campaign: 'Engagement Summary'!$H$2:$H$201
Name Campaign_End_Date: Posts!$O$2:$O$568
Name Campaign_Name: 'Campaign Metadata'!$A$2:$A$6
Name Campaign_Start_Date: Posts!$N$2:$N$568
Name Clicks: Posts!$I$2:$I$568
Name Comments: Posts!$H$2:$H$568
Name ContentType: Posts!$D$2:$D$568
Name Date: Posts!$C$2:$C$568
Name End_Date: 'Campaign Metadata'!$C$2:$C$6
Name Engagement_Rate: Posts!$M$2:$M$568
Name Engagement_Rate: 'Engagement Summary'!$F$2:$F$201
Name Engagement_Uplift: 'Campaign Metadata'!$G$2:$G$6
Name Hashtags: Posts!$E$2:$E$568
Name Impressions: 'Campaign Metadata'!$F$2:$F$6
Name Impressions: Posts!$K$2:$K$568
Name Likes: Posts!$F$2:$F$568
Name NativeTimeline_Week_Start_Date: #N/A
Name New_Followers: 'Engagement Summary'!$C$2:$C$201
Name Objective: 'Campaign Metadata'!$D$2:$D$6
Name Platform: Posts!$B$2:$B$568
Name Platform: 'Engagement Summary'!$B$2:$B$201
Name PostID: Posts!$A$2:$A$568
Name Reach: Posts!$J$2:$J$568
Name Shares: Posts!$G$2:$G$568
Name Start_Date: 'Campaign Metadata'!$B$2:$B$6
Name Timeline: Posts!$P$2:$P$568
Name Total_Followers: 'Engagement Summary'!$E$2:$E$201
Name Unfollows: 'Engagement Summary'!$D$2:$D$201
Name Week_Start_Date: 'Engagement Summary'!$A$2:$A$201

Sheet Posts
A1: PostID | B1: Platform | C1: Date | D1: ContentType | E1: Hashtags | F1: Likes | G1: Shares | H1: Comments | I1: Clicks | J1: Reach | K1: Impressions | L1: Campaign | M1: Engagement Rate | N1: Campaign Start Date | O1: Campaign End Date | P1: Timeline
A2: A234 | B2: LinkedIn | C2: 45444 | D2: Image | E2: #AppleLifestyle | F2: 19844 | G2: 1022 | H2: 860 | I2: 2570 | J2: 23719 | K2: 182628 | L2: Sustainability Awareness Drive | M2: 0.11896314 | N2: =_xlfn.XLOOKUP(Posts!L2,'Campaign Metadata'!$A$2:$A$6,'Campaign Metadata'!$B$2:$B$6) -> 45717 | O2: =_xlfn.XLOOKUP(L2,'Campaign Metadata'!$A$2:$A$6,'Campaign Metadata'!$C$2:$C$6) -> 45747 | P2: =IF(C2<N2, "Before", IF(C2>O2, "After", "During")) -> Before
A3: A234 | B3: LinkedIn | C3: 45444 | D3: Image | E3: #AppleMusic | F3: 19844 | G3: 1022 | H3: 860 | I3: 2570 | J3: 23719 | K3: 182628 | L3: Sustainability Awareness Drive | M3: 0.11896314 | N3: =_xlfn.XLOOKUP(L3,'Campaign Metadata'!$A$2:$A$6,'Campaign Metadata'!$B$2:$B$6) -> 45717 | O3: =_xlfn.XLOOKUP(L3,'Campaign Metadata'!$A$2:$A$6,'Campaign Metadata'!$C$2:$C$6) -> 45747 | P3: =IF(C3<N3, "Before", IF(C3>O3, "After", "During")) -> Before
A4: A220 | B4: YouTube | C4: 45445 | D4: Video | E4: #MacBookAirM3 | F4: 14199 | G4: 1206 | H4: 954 | I4: 2009 | J4: 8 | K4: 65537 | L4: Sustainability Awareness Drive | M4: 0.24961472 | N4: =_xlfn.XLOOKUP(L4,'Campaign Metadata'!$A$2:$A$6,'Campaign Metadata'!$B$2:$B$6) -> 45717 | O4: =_xlfn.XLOOKUP(L4,'Campaign Metadata'!$A$2:$A$6,'Campaign Metadata'!$C$2:$C$6) -> 45747 | P4: =IF(C4<N4, "Before", IF(C4>O4, "After", "During")) -> Before
A5: A220 | B5: YouTube | C5: 45445 | D5: Video | E5: #AppleInnovation | F5: 14199 | G5: 1206 | H5: 954 | I5: 2009 | J5: 8 | K5: 65537 | L5: Sustainability Awareness Drive | M5: 0.24961472 | N5: =_xlfn.XLOOKUP(L5,'Campaign Metadata'!$A$2:$A$6,'Campaign Metadata'!$B$2:$B$6) -> 45717 | O5: =_xlfn.XLOOKUP(L5,'Campaign Metadata'!$A$2:$A$6,'Campaign Metadata'!$C$2:$C$6) -> 45747 | P5: =IF(C5<N5, "Before", IF(C5>O5, "After", "During")) -> Before
A6: A90 | B6: Twitter | C6: 45446 | D6: Image | E6: #AppleEvent | F6: 8941 | G6: 911 | H6: 166 | I6: 1217 | J6: 68817 | K6: 221180 | L6: MacBook Air M3 Campaign | M6: 0.045293426 | N6: =_xlfn.XLOOKUP(L6,'Campaign Metadata'!$A$2:$A$6,'Campaign Metadata'!$B$2:$B$6) -> 45566 | O6: =_xlfn.XLOOKUP(L6,'Campaign Metadata'!$A$2:$A$6,'Campaign Metadata'!$C$2:$C$6) -> 45596 | P6: =IF(C6<N6, "Before", IF(C6>O6, "After", "During")) -> Before
A7: A90 | B7: Twitter | C7: 45446 | D7: Image | E7: #iPhone16 | F7: 8941 | G7: 911 | H7: 166 | I7: 1217 | J7: 68817 | K7: 221180 | L7: MacBook Air M3 Campaign | M7: 0.045293426 | N7: =_xlfn.XLOOKUP(L7,'Campaign Metadata'!$A$2:$A$6,'Campaign Metadata'!$B$2:$B$6) -> 45566 | O7: =_xlfn.XLOOKUP(L7,'Campaign Metadata'!$A$2:$A$6,'Campaign Metadata'!$C$2:$C$6) -> 45596 | P7: =IF(C7<N7, "Before", IF(C7>O7, "After", "During")) -> Before
A8: A146 | B8: YouTube | C8: 45448 | D8: Tweet | E8: #ShotOniPhone | F8: 18907 | G8: 1075 | H8: 675 | I8: 1383 | J8: 17875 | K8: 186649 | L8: Apple Watch Ultra 2 Launch | M8: 0.11067297 | N8: =_xlfn.XLOOKUP(L8,'Campaign Metadata'!$A$2:$A$6,'Campaign Metadata'!$B$2:$B$6) -> 45651 | O8: =_xlfn.XLOOKUP(L8,'Campaign Metadata'!$A$2:$A$6,'Campaign Metadata'!$C$2:$C$6) -> 45667 | P8: =IF(C8<N8, "Before", IF(C8>O8, "After", "During")) -> Before
A9: A146 | B9: YouTube | C9: 45448 | D9: Tweet | E9: #iPhonePhotography | F9: 18907 | G9: 1075 | H9: 675 | I9: 1383 | J9: 17875 | K9: 186649 | L9: Apple Watch Ultra 2 Launch | M9: 0.11067297 | N9: =_xlfn.XLOOKUP(L9,'Campaign Metadata'!$A$2:$A$6,'Campaign Metadata'!$B$2:$B$6) -> 45651 | O9: =_xlfn.XLOOKUP(L9,'Campaign Metadata'!$A$2:$A$6,'Campaign Metadata'!$C$2:$C$6) -> 45667 | P9: =IF(C9<N9, "Before", IF(C9>O9, "After", "During")) -> Before
A10: A87 | B10: Twitter | C10: 45449 | D10: Tweet | E10: #AppleEvent | F10: 11521 | G10: 1071 | H10: 762 | I10: 2539 | J10: 12701 | K10: 238350 | L10: Sustainability Awareness Drive | M10: 0.056026851 | N10: =_xlfn.XLOOKUP(L10,'Campaign Metadata'!$A$2:$A$6,'Campaign Metadata'!$B$2:$B$6) -> 45717 | O10: =_xlfn.XLOOKUP(L10,'Campaign Metadata'!$A$2:$A$6,'Campaign Metadata'!$C$2:$C$6) -> 45747 | P10: =IF(C10<N10, "Before", IF(C10>O10, "After", "During")) -> Before
A11: A87 | B11: Twitter | C11: 45449 | D11: Tweet | E11: #iPhone16Launch | F11: 11521 | G11: 1071 | H11: 762 | I11: 2539 | J11: 12701 | K11: 238350 | L11: Sustainability Awareness Drive | M11: 0.056026851 | N11: =_xlfn.XLOOKUP(L11,'Campaign Metadata'!$A$2:$A$6,'Campaign Metadata'!$B$2:$B$6) -> 45717 | O11: =_xlfn.XLOOKUP(L11,'Campaign Metadata'!$A$2:$A$6,'Campaign Metadata'!$C$2:$C$6) -> 45747 | P11: =IF(C11<N11, "Before", IF(C11>O11, "After", "During")) -> Before
A12: A188 | B12: YouTube | C12: 45449 | D12: Carousel | E12: #Sustainability | F12: 3531 | G12: 789 | H12: 467 | I12: 1867 | J12: 40816 | K12: 236037 | L12: Sustainability Awareness Drive | M12: 0.020280719 | N12: =_xlfn.XLOOKUP(L12,'Campaign Metadata'!$A$2:$A$6,'Campaign Metadata'!$B$2:$B$6) -> 45717 | O12: =_xlfn.XLOOKUP(L12,'Campaign Metadata'!$A$2:$A$6,'Campaign Metadata'!$C$2:$C$6) -> 45747 | P12: =IF(C12<N12, "Before", IF(C12>O12, "After", "During")) -> Before
A13: A188 | B13: YouTube | C13: 45449 | D13: Carousel | E13: #AppleEarth | F13: 3531 | G13: 789 | H13: 467 | I13: 1867 | J13: 40816 | K13: 236037 | L13: Sustainability Awareness Drive | M13: 0.020280719 | N13: =_xlfn.XLOOKUP(L13,'Campaign Metadata'!$A$2:$A$6,'Campaign Metadata'!$B$2:$B$6) -> 45717 | O13: =_xlfn.XLOOKUP(L13,'Campaign Metadata'!$A$2:$A$6,'Campaign Metadata'!$C$2:$C$6) -> 45747 | P13: =IF(C13<N13, "Before", IF(C13>O13, "After", "During")) -> Before
A14: A276 | B14: LinkedIn | C14: 45450 | D14: Video | E14: #AppleEvent | F14: 8233 | G14: 436 | H14: 269 | I14: 2037 | J14: 8875 | K14: 52289 | L14: Apple Watch Ultra 2 Launch | M14: 0.17093461 | N14: =_xlfn.XLOOKUP(L14,'Campaign Metadata'!$A$2:$A$6,'Campaign Metadata'!$B$2:$B$6) -> 45651 | O14: =_xlfn.XLOOKUP(L14,'Campaign Metadata'!$A$2:$A$6,'Campaign Metadata'!$C$2:$C$6) -> 45667 | P14: =IF(C14<N14, "Before", IF(C14>O14, "After", "During")) -> Before
... A568: A192 | B568: YouTube | C568: 45945 | D568: Image | E568: #AppleWatch | F568: 8882 | G568: 701 | H568: 421 | I568: 2343 | J568: 13588 | K568: 139304 | L568: Apple Event September 2025 | M568: 0.071814162 | N568: =_xlfn.XLOOKUP(L568,'Campaign Metadata'!$A$2:$A$6,'Campaign Metadata'!$B$2:$B$6) -> 45901 | O568: =_xlfn.XLOOKUP(L568,'Campaign Metadata'!$A$2:$A$6,'Campaign Metadata'!$C$2:$C$6) -> 45930 | P568: =IF(C568<N568, "Before", IF(C568>O568, "After", "During")) -> After

Sheet Engagement Summary
A1: Week_Start_Date | B1: Platform | C1: New_Followers | D1: Unfollows | E1: Total_Followers | F1: Engagement_Rate | G1: Ad_Spend | H1: Campaign
A2: 45446 | B2: Instagram | C2: 4138 | D2: 361 | E2: 103777 | F2: 56.637791 | G2: 23944 | H2: =IF(AND(A2>='Campaign Metadata'!$B$2,A2<='Campaign Metadata'!$C$2),"iPhone 16 Launch", IF(AND(A2>='Campaign Metadata'!$B$3,A2<='Campaign Metadata'!$C$3), "MacBook Air M3 Campaign", IF(AND(A2>='Campaign Metadata'!$B$4,A2<='Campaign Metadata'!$C$4), "Apple Watch Ultra 2 Launch", IF(AND(A2>='Campaign Metadata'!$B$5,A2<='Campaign Metadata'!$C$5), "Sustainability Awareness Drive", IF(AND(A2>='Campaign Metadata'!$B$6,A2<='Campaign Metadata'!$C$6), "Apple Event September 2025", "No Campaign"))))) -> No Campaign
A3: 45446 | B3: Twitter | C3: 8693 | D3: 1261 | E3: 111209 | F3: 69.475492 | G3: 29873 | H3: =IF(AND(A3>='Campaign Metadata'!$B$2,A3<='Campaign Metadata'!$C$2),"iPhone 16 Launch", IF(AND(A3>='Campaign Metadata'!$B$3,A3<='Campaign Metadata'!$C$3), "MacBook Air M3 Campaign", IF(AND(A3>='Campaign Metadata'!$B$4,A3<='Campaign Metadata'!$C$4), "Apple Watch Ultra 2 Launch", IF(AND(A3>='Campaign Metadata'!$B$5,A3<='Campaign Metadata'!$C$5), "Sustainability Awareness Drive", IF(AND(A3>='Campaign Metadata'!$B$6,A3<='Campaign Metadata'!$C$6), "Apple Event September 2025", "No Campaign"))))) -> No Campaign
A4: 45446 | B4: YouTube | C4: 9264 | D4: 1141 | E4: 119332 | F4: 92.312205 | G4: 50372 | H4: =IF(AND(A4>='Campaign Metadata'!$B$2,A4<='Campaign Metadata'!$C$2),"iPhone 16 Launch", IF(AND(A4>='Campaign Metadata'!$B$3,A4<='Campaign Metadata'!$C$3), "MacBook Air M3 Campaign", IF(AND(A4>='Campaign Metadata'!$B$4,A4<='Campaign Metadata'!$C$4), "Apple Watch Ultra 2 Launch", IF(AND(A4>='Campaign Metadata'!$B$5,A4<='Campaign Metadata'!$C$5), "Sustainability Awareness Drive", IF(AND(A4>='Campaign Metadata'!$B$6,A4<='Campaign Metadata'!$C$6), "Apple Event September 2025", "No Campaign"))))) -> No Campaign
A5: 45446 | B5: YouTube | C5: 8842 | D5: 971 | E5: 127203 | F5: 16.351816 | G5: 33928 | H5: =IF(AND(A5>='Campaign Metadata'!$B$2,A5<='Campaign Metadata'!$C$2),"iPhone 16 Launch", IF(AND(A5>='Campaign Metadata'!$B$3,A5<='Campaign Metadata'!$C$3), "MacBook Air M3 Campaign", IF(AND(A5>='Campaign Metadata'!$B$4,A5<='Campaign Metadata'!$C$4), "Apple Watch Ultra 2 Launch", IF(AND(A5>='Campaign Metadata'!$B$5,A5<='Campaign Metadata'!$C$5), "Sustainability Awareness Drive", IF(AND(A5>='Campaign Metadata'!$B$6,A5<='Campaign Metadata'!$C$6), "Apple Event September 2025", "No Campaign"))))) -> No Campaign
A6: 45453 | B6: Instagram | C6: 7721 | D6: 506 | E6: 134418 | F6: 35.577824 | G6: 25379 | H6: =IF(AND(A6>='Campaign Metadata'!$B$2,A6<='Campaign Metadata'!$C$2),"iPhone 16 Launch", IF(AND(A6>='Campaign Metadata'!$B$3,A6<='Campaign Metadata'!$C$3), "MacBook Air M3 Campaign", IF(AND(A6>='Campaign Metadata'!$B$4,A6<='Campaign Metadata'!$C$4), "Apple Watch Ultra 2 Launch", IF(AND(A6>='Campaign Metadata'!$B$5,A6<='Campaign Metadata'!$C$5), "Sustainability Awareness Drive", IF(AND(A6>='Campaign Metadata'!$B$6,A6<='Campaign Metadata'!$C$6), "Apple Event September 2025", "No Campaign"))))) -> No Campaign
A7: 45453 | B7: YouTube | C7: 8002 | D7: 524 | E7: 141896 | F7: 52.064893 | G7: 46751 | H7: =IF(AND(A7>='Campaign Metadata'!$B$2,A7<='Campaign Metadata'!$C$2),"iPhone 16 Launch", IF(AND(A7>='Campaign Metadata'!$B$3,A7<='Campaign Metadata'!$C$3), "MacBook Air M3 Campaign", IF(AND(A7>='Campaign Metadata'!$B$4,A7<='Campaign Metadata'!$C$4), "Apple Watch Ultra 2 Launch", IF(AND(A7>='Campaign Metadata'!$B$5,A7<='Campaign Metadata'!$C$5), "Sustainability Awareness Drive", IF(AND(A7>='Campaign Metadata'!$B$6,A7<='Campaign Metadata'!$C$6), "Apple Event September 2025", "No Campaign"))))) -> No Campaign
A8: 45453 | B8: Twitter | C8: 5225 | D8: 291 | E8: 146830 | F8: 19.551863 | G8: 44546 | H8: =IF(AND(A8>='Campaign Metadata'!$B$2,A8<='Campaign Metadata'!$C$2),"iPhone 16 Launch", IF(AND(A8>='Campaign Metadata'!$B$3,A8<='Campaign Metadata'!$C$3), "MacBook Air M3 Campaign", IF(AND(A8>='Campaign Metadata'!$B$4,A8<='Campaign Metadata'!$C$4), "Apple Watch Ultra 2 Launch", IF(AND(A8>='Campaign Metadata'!$B$5,A8<='Campaign Metadata'!$C$5), "Sustainability Awareness Drive", IF(AND(A8>='Campaign Metadata'!$B$6,A8<='Campaign Metadata'!$C$6), "Apple Event September 2025", "No Campaign"))))) -> No Campaign
A9: 45453 | B9: Twitter | C9: 3978 | D9: 543 | E9: 150265 | F9: 49.159818 | G9: 34286 | H9: =IF(AND(A9>='Campaign Metadata'!$B$2,A9<='Campaign Metadata'!$C$2),"iPhone 16 Launch", IF(AND(A9>='Campaign Metadata'!$B$3,A9<='Campaign Metadata'!$C$3), "MacBook Air M3 Campaign", IF(AND(A9>='Campaign Metadata'!$B$4,A9<='Campaign Metadata'!$C$4), "Apple Watch Ultra 2 Launch", IF(AND(A9>='Campaign Metadata'!$B$5,A9<='Campaign Metadata'!$C$5), "Sustainability Awareness Drive", IF(AND(A9>='Campaign Metadata'!$B$6,A9<='Campaign Metadata'!$C$6), "Apple Event September 2025", "No Campaign"))))) -> No Campaign
A10: 45460 | B10: Instagram | C10: 8373 | D10: 921 | E10: 157717 | F10: 12.226329 | G10: 15110 | H10: =IF(AND(A10>='Campaign Metadata'!$B$2,A10<='Campaign Metadata'!$C$2),"iPhone 16 Launch", IF(AND(A10>='Campaign Metadata'!$B$3,A10<='Campaign Metadata'!$C$3), "MacBook Air M3 Campaign", IF(AND(A10>='Campaign Metadata'!$B$4,A10<='Campaign Metadata'!$C$4), "Apple Watch Ultra 2 Launch", IF(AND(A10>='Campaign Metadata'!$B$5,A10<='Campaign Metadata'!$C$5), "Sustainability Awareness Drive", IF(AND(A10>='Campaign Metadata'!$B$6,A10<='Campaign Metadata'!$C$6), "Apple Event September 2025", "No Campaign"))))) -> iPhone 16 Launch
A11: 45460 | B11: Twitter | C11: 6907 | D11: 834 | E11: 163790 | F11: 54.158984 | G11: 22087 | H11: =IF(AND(A11>='Campaign Metadata'!$B$2,A11<='Campaign Metadata'!$C$2),"iPhone 16 Launch", IF(AND(A11>='Campaign Metadata'!$B$3,A11<='Campaign Metadata'!$C$3), "MacBook Air M3 Campaign", IF(AND(A11>='Campaign Metadata'!$B$4,A11<='Campaign Metadata'!$C$4), "Apple Watch Ultra 2 Launch", IF(AND(A11>='Campaign Metadata'!$B$5,A11<='Campaign Metadata'!$C$5), "Sustainability Awareness Drive", IF(AND(A11>='Campaign Metadata'!$B$6,A11<='Campaign Metadata'!$C$6), "Apple Event September 2025", "No Campaign"))))) -> iPhone 16 Launch
A12: 45460 | B12: LinkedIn | C12: 7097 | D12: 369 | E12: 170518 | F12: 9.2506363 | G12: 33762 | H12: =IF(AND(A12>='Campaign Metadata'!$B$2,A12<='Campaign Metadata'!$C$2),"iPhone 16 Launch", IF(AND(A12>='Campaign Metadata'!$B$3,A12<='Campaign Metadata'!$C$3), "MacBook Air M3 Campaign", IF(AND(A12>='Campaign Metadata'!$B$4,A12<='Campaign Metadata'!$C$4), "Apple Watch Ultra 2 Launch", IF(AND(A12>='Campaign Metadata'!$B$5,A12<='Campaign Metadata'!$C$5), "Sustainability Awareness Drive", IF(AND(A12>='Campaign Metadata'!$B$6,A12<='Campaign Metadata'!$C$6), "Apple Event September 2025", "No Campaign"))))) -> iPhone 16 Launch
A13: 45460 | B13: Instagram | C13: 6656 | D13: 978 | E13: 176196 | F13: 60.425889 | G13: 27081 | H13: =IF(AND(A13>='Campaign Metadata'!$B$2,A13<='Campaign Metadata'!$C$2),"iPhone 16 Launch", IF(AND(A13>='Campaign Metadata'!$B$3,A13<='Campaign Metadata'!$C$3), "MacBook Air M3 Campaign", IF(AND(A13>='Campaign Metadata'!$B$4,A13<='Campaign Metadata'!$C$4), "Apple Watch Ultra 2 Launch", IF(AND(A13>='Campaign Metadata'!$B$5,A13<='Campaign Metadata'!$C$5), "Sustainability Awareness Drive", IF(AND(A13>='Campaign Metadata'!$B$6,A13<='Campaign Metadata'!$C$6), "Apple Event September 2025", "No Campaign"))))) -> iPhone 16 Launch
... A201: 45789 | B201: Twitter | C201: 8527 | D201: 1091 | E201: 1186398 | F201: 1.6760817 | G201: 41703 | H201: =IF(AND(A201>='Campaign Metadata'!$B$2,A201<='Campaign Metadata'!$C$2),"iPhone 16 Launch", IF(AND(A201>='Campaign Metadata'!$B$3,A201<='Campaign Metadata'!$C$3), "MacBook Air M3 Campaign", IF(AND(A201>='Campaign Metadata'!$B$4,A201<='Campaign Metadata'!$C$4), "Apple Watch Ultra 2 Launch", IF(AND(A201>='Campaign Metadata'!$B$5,A201<='Campaign Metadata'!$C$5), "Sustainability Awareness Drive", IF(AND(A201>='Campaign Metadata'!$B$6,A201<='Campaign Metadata'!$C$6), "Apple Event September 2025", "No Campaign"))))) -> No Campaign

Sheet Campaign Metadata
A1: Campaign_Name | B1: Start_Date | C1: End_Date | D1: Objective | E1: Ad_Spend | F1: Impressions | G1: Engagement_Uplift | H1: Active Days
A2: iPhone 16 Launch | B2: 45458 | C2: 45488 | D2: Product Launch | E2: 85000 | F2: 950000 | G2: 0.45 | H2: =C2-B2 -> 30
A3: MacBook Air M3 Campaign | B3: 45566 | C3: 45596 | D3: Product Promotion | E3: 60000 | F3: 780000 | G3: 0.38 | H3: =C3-B3 -> 30
A4: Apple Watch Ultra 2 Launch | B4: 45651 | C4: 45667 | D4: Health & Fitness Awareness | E4: 55000 | F4: 700000 | G4: 0.41 | H4: =C4-B4 -> 16
A5: Sustainability Awareness Drive | B5: 45717 | C5: 45747 | D5: Sustainability Branding | E5: 40000 | F5: 550000 | G5: 0.32 | H5: =C5-B5 -> 30
A6: Apple Event September 2025 | B6: 45901 | C6: 45930 | D6: Brand Engagement | E6: 75000 | F6: 880000 | G6: 0.47 | H6: =C6-B6 -> 29

Sheet Task 2.1
A1: Calculate average engagement rate per platform: Engagement Rate = (Likes + Shares + Comments) / Impressions
A3: Platform | B3: Average of Engagement Rate
A4: {=_xlfn.UNIQUE(Platform)} -> Instagram | B4: =AVERAGEIF(Posts!Platform,'Task 2.1'!A4,Posts!Engagement_Rate) -> 0.1182887
A5: Twitter | B5: =AVERAGEIF(Posts!Platform,'Task 2.1'!A5,Posts!Engagement_Rate) -> 0.13978857
A6: YouTube | B6: =AVERAGEIF(Posts!Platform,'Task 2.1'!A6,Posts!Engagement_Rate) -> 0.10817234
A7: LinkedIn | B7: =AVERAGEIF(Posts!Platform,'Task 2.1'!A7,Posts!Engagement_Rate) -> 0.12495643

Sheet Task 2.2
A1: Identify Top 10 Apple posts with highest engagement.
A3: Row Labels | B3: Average of Engagement Rate
A4: A82 | B4: 0.49054106
A5: A201 | B5: 0.48803915
A6: A121 | B6: 0.45492807
A7: A127 | B7: 0.41655672
A8: A13 | B8: 0.40382152
A9: A123 | B9: 0.39401344
A10: A287 | B10: 0.367641
A11: A226 | B11: 0.35412345
A12: A231 | B12: 0.33944448
A13: A185 | B13: 0.33811899

Sheet Task 2.3a
A1: Create a pivot table showing: Total Likes, Shares, Comments by Content Type & Platform
A3: Row Labels | B3: Sum of Likes | C3: Sum of Shares | D3: Sum of Comments
A4: Instagram
A5: Carousel | B5: 494652 | C5: 30544 | D5: 24544
A6: Image | B6: 394233 | C6: 33741 | D6: 19677
A7: Tweet | B7: 409260 | C7: 28708 | D7: 17688
A8: Video | B8: 430981 | C8: 22943 | D8: 13335
A9: LinkedIn
A10: Carousel | B10: 450340 | C10: 34985 | D10: 22476
A11: Image | B11: 604302 | C11: 38355 | D11: 26447
A12: Tweet | B12: 549235 | C12: 34597 | D12: 21790
A13: Video | B13: 557518 | C13: 28472 | D13: 23540
A14: Twitter
A15: Carousel | B15: 763475 | C15: 41158 | D15: 27000
A16: Image | B16: 286840 | C16: 14467 | D16: 11640
A17: Tweet | B17: 469305 | C17: 29067 | D17: 16683
A18: Video | B18: 475278 | C18: 28325 | D18: 18843
A19: YouTube
A20: Carousel | B20: 542975 | C20: 48941 | D20: 27078
A21: Image | B21: 368191 | C21: 18852 | D21: 15346
A22: Tweet | B22: 336691 | C22: 26788 | D22: 14736
A23: Video | B23: 554354 | C23: 35880 | D23: 24112
A24: Grand Total | B24: 7687630 | C24: 495823 | D24: 324935

Sheet Task 2.3b
A1: Create a pivot table showing: Average Clicks per post by Hashtag
A3: Row Labels | B3: Average of Clicks
A4: #AppleDesign | B4: 1592.72
A5: #AppleEarth | B5: 1459.3077
A6: #AppleEvent | B6: 1639.225
A7: #AppleInnovation | B7: 1680.3571
A8: #AppleLifestyle | B8: 1463.2941
A9: #AppleMusic | B9: 1463.2941
A10: #AppleWatch | B10: 1711.5135
A11: #AppleWatchUltra2 | B11: 1674.96
A12: #Health | B12: 1711.5135
A13: #HealthTech | B13: 1674.96
A14: #Innovation | B14: 1592.72
A15: #iPadPro | B15: 1477.2632
... A22: #Sustainability | B22: 1459.3077

Sheet Task 2.4
A1: Highlight top-performing hashtags such as #ShotOniPhone, #AppleEvent, #iPhone16Launch, #MacBookAir.
B3: Hashtags | C3: Average of Engagement Rate
B4: {=_xlfn.UNIQUE(Hashtags)} -> #AppleLifestyle | C4: =AVERAGEIF(Hashtags,'Task 2.4'!B4, Posts!Engagement_Rate) -> 0.13494947
B5: #AppleMusic | C5: =AVERAGEIF(Hashtags,'Task 2.4'!B5, Posts!Engagement_Rate) -> 0.13494947
B6: #MacBookAirM3 | C6: =AVERAGEIF(Hashtags,'Task 2.4'!B6, Posts!Engagement_Rate) -> 0.1178941
B7: #AppleInnovation | C7: =AVERAGEIF(Hashtags,'Task 2.4'!B7, Posts!Engagement_Rate) -> 0.1178941
B8: #AppleEvent | C8: =AVERAGEIF(Hashtags,'Task 2.4'!B8, Posts!Engagement_Rate) -> 0.1185215
B9: #iPhone16 | C9: =AVERAGEIF(Hashtags,'Task 2.4'!B9, Posts!Engagement_Rate) -> 0.12600407
B10: #ShotOniPhone | C10: =AVERAGEIF(Hashtags,'Task 2.4'!B10, Posts!Engagement_Rate) -> 0.13315746
B11: #iPhonePhotography | C11: =AVERAGEIF(Hashtags,'Task 2.4'!B11, Posts!Engagement_Rate) -> 0.12026677
B12: #iPhone16Launch | C12: =AVERAGEIF(Hashtags,'Task 2.4'!B12, Posts!Engagement_Rate) -> 0.1145658
B13: #Sustainability | C13: =AVERAGEIF(Hashtags,'Task 2.4'!B13, Posts!Engagement_Rate) -> 0.12019462
B14: #AppleEarth | C14: =AVERAGEIF(Hashtags,'Task 2.4'!B14, Posts!Engagement_Rate) -> 0.12019462
B15: #iPadPro | C15: =AVERAGEIF(Hashtags,'Task 2.4'!B15, Posts!Engagement_Rate) -> 0.11195695
B16: #MacBookProM3 | C16: =AVERAGEIF(Hashtags,'Task 2.4'!B16, Posts!Engagement_Rate) -> 0.10955527
... B22: #AppleDesign | C22: =AVERAGEIF(Hashtags,'Task 2.4'!B22, Posts!Engagement_Rate) -> 0.11135741

Sheet Task 3.1
A1: Identify the platform with highest engagement
A3: Row Labels | B3: Average of Engagement_Rate
A4: YouTube | B4: 17.599263
A5: Twitter | B5: 17.480513
A6: Instagram | B6: 15.559292
A7: LinkedIn | B7: 14.067998
A9: Platform | B9: Average of Engagement Rate
A10: {=_xlfn.UNIQUE(Platform)} -> Instagram | B10: =AVERAGEIF(Platform,'Task 3.1'!A10,Engagement_Rate) -> 15.559292
A11: Twitter | B11: =AVERAGEIF(Platform,'Task 3.1'!A11,Engagement_Rate) -> 17.480513
A12: YouTube | B12: =AVERAGEIF(Platform,'Task 3.1'!A12,Engagement_Rate) -> 17.599263
A13: LinkedIn | B13: =AVERAGEIF(Platform,'Task 3.1'!A13,Engagement_Rate) -> 14.067998

Sheet Task 3.2
A1: Compare follower growth rates across platforms
A3: Row Labels | B3: Sum of Growth Rate
A4: Twitter | B4: 303407
A5: LinkedIn | B5: 290487
A6: Instagram | B6: 261862
A7: YouTube | B7: 230642

Sheet Task 3.3 & 3.4
A1: Visualize Engagement vs. Ad Spend per platform.
A3: Row Labels | B3: Sum of Engagement_Rate | C3: Sum of Ad_Spend
A4: Instagram | B4: 0.24679616 | C4: 0.25637634
A5: LinkedIn | B5: 0.24064309 | C5: 0.28736296
A6: Twitter | B6: 0.28814324 | C6: 0.27055304
A7: YouTube | B7: 0.22441751 | C7: 0.18570767
A8: Grand Total | B8: 1 | C8: 1
A22: Advise Apple’s team: Should they focus on YouTube + Instagram (videos + visuals) or continue a multi-platform strategy?
A23: According to the above column chart, the platforms seem to have columns with almost the same height which means there are no sudden drops in the values. Here the engagement rate and ad spend are in % format so that the values are comparable. The values in the percentage don't display sudden drop or spike which means there is no huge growth or decline in the ad spend or engagement rate. Twitter has highest performance followed by Instagram+Linkedin and YouTube in the last place. YouTube has a 22.4% of engagement from only 18.6% of spend. LinkedIn doesn't seem efficient as it generated only 24.1% of engagement despite 28.7% of ad spend I would advise Apple team to continue with their multi-platform strategy. They gain a good engagement across all the platforms. If they focus only on two platforms then could lose their audience on the other platforms. If the other platforms didn't get a good engagement despite investing in, then we could have thought about dropping the platforms. That's not the case here, all platforms have good engagement. Though it is advisable to invest more in Youtube and Twitter. Linkedin and Instagram must focus on their content and engagement activities to improve their engagement rate.

Sheet Task 4.1
A1: Identify the most frequently used Apple hashtags.
A3: Row Labels | B3: Count of Hashtags
A4: #AppleEvent | B4: 80
A5: #ShotOniPhone | B5: 41
A6: #AppleWatch | B6: 37
A7: #Health | B7: 37
A8: #AppleMusic | B8: 34
A9: #AppleLifestyle | B9: 34
A10: #iPhone16 | B10: 32
A11: #iPhone16Launch | B11: 29
A12: #MacBookAirM3 | B12: 28
A13: #AppleInnovation | B13: 28
A14: #Innovation | B14: 25
A15: #iPhonePhotography | B15: 25
... A23: Grand Total | B23: 567

Sheet Task 4.2
A1: Compare average performance of posts containing each hashtag.
A3: Row Labels | B3: Average of Engagement Rate
A4: #AppleDesign | B4: 0.11135741
A5: #AppleEarth | B5: 0.12019462
A6: #AppleEvent | B6: 0.1185215
A7: #AppleInnovation | B7: 0.1178941
A8: #AppleLifestyle | B8: 0.13494947
A9: #AppleMusic | B9: 0.13494947
A10: #AppleWatch | B10: 0.11399722
A11: #AppleWatchUltra2 | B11: 0.14380411
A12: #Health | B12: 0.11399722
A13: #HealthTech | B13: 0.14380411
A14: #Innovation | B14: 0.11135741
A15: #iPadPro | B15: 0.11195695
... A22: #Sustainability | B22: 0.12019462

Sheet Task 4.3
A1: Compare content performance: Videos (launch events, ads, product demos) Images (product close-ups, lifestyle shots) Carousels (feature highlights, comparisons)
A3: Row Labels | B3: Average of Engagement Rate
A4: Carousel | B4: 0.12185483
A5: Image | B5: 0.11579193
A6: Video | B6: 0.13931353

Sheet Task 4.4
A1: Recommend which content type performs best on each platform
A4: Average of Engagement Rate | B4: Column Labels
A5: Row Labels | B5: Image | C5: Carousel | D5: Video | E5: Tweet
A6: Twitter | B6: 0.18518307 | C6: 0.14058683 | D6: 0.13825433 | E6: 0.11654233
A7: Instagram | B7: 0.09318579 | C7: 0.12448332 | D7: 0.14195217 | E7: 0.11729282
A8: LinkedIn | B8: 0.11927846 | C8: 0.11078962 | D8: 0.15713454 | E8: 0.11472045
A9: YouTube | B9: 0.097930633 | C9: 0.10840108 | D9: 0.1224843 | E9: 0.098147396
A13: From the above bar chart, we can interpret the following:
A14: Platform | B14: The best performing content
A15: Twitter | B15: Image
A16: Instagram | B16: Video
A17: LinkedIn | B17: Video
A18: Youtube | B18: Video

Sheet Task 5.1a
A1: Calculate: Total & Average Impressions, Likes, Clicks per Campaign.
A3: Campaign | B3: Sum of Impressions | C3: Average of Impressions | D3: Sum of Likes | E3: Average of Likes | F3: Sum of Clicks | G3: Average of Clicks
A4: {=_xlfn.UNIQUE(Campaign_Name)} -> iPhone 16 Launch | B4: =SUMIF(Posts!Campaign,'Task 5.1a'!A4,Impressions) -> 17167722 | C4: =AVERAGEIF(Posts!Campaign,'Task 5.1a'!A4,Impressions) -> 153283.23 | D4: =SUMIF(Posts!Campaign,'Task 5.1a'!A4,Likes) -> 1599185 | E4: =AVERAGEIF(Posts!Campaign,'Task 5.1a'!A4,Likes) -> 14278.438 | F4: =SUMIF(Posts!Campaign,'Task 5.1a'!A4,Clicks) -> 182775 | G4: =AVERAGEIF(Posts!Campaign,'Task 5.1a'!A4,Clicks) -> 1631.9196
A5: MacBook Air M3 Campaign | B5: =SUMIF(Posts!Campaign,'Task 5.1a'!A5,Impressions) -> 12720433 | C5: =AVERAGEIF(Posts!Campaign,'Task 5.1a'!A5,Impressions) -> 146211.87 | D5: =SUMIF(Posts!Campaign,'Task 5.1a'!A5,Likes) -> 1103676 | E5: =AVERAGEIF(Posts!Campaign,'Task 5.1a'!A5,Likes) -> 12685.931 | F5: =SUMIF(Posts!Campaign,'Task 5.1a'!A5,Clicks) -> 141903 | G5: =AVERAGEIF(Posts!Campaign,'Task 5.1a'!A5,Clicks) -> 1631.069
A6: Apple Watch Ultra 2 Launch | B6: =SUMIF(Posts!Campaign,'Task 5.1a'!A6,Impressions) -> 18065641 | C6: =AVERAGEIF(Posts!Campaign,'Task 5.1a'!A6,Impressions) -> 135831.89 | D6: =SUMIF(Posts!Campaign,'Task 5.1a'!A6,Likes) -> 1736534 | E6: =AVERAGEIF(Posts!Campaign,'Task 5.1a'!A6,Likes) -> 13056.647 | F6: =SUMIF(Posts!Campaign,'Task 5.1a'!A6,Clicks) -> 204790 | G6: =AVERAGEIF(Posts!Campaign,'Task 5.1a'!A6,Clicks) -> 1539.7744
A7: Sustainability Awareness Drive | B7: =SUMIF(Posts!Campaign,'Task 5.1a'!A7,Impressions) -> 17204288 | C7: =AVERAGEIF(Posts!Campaign,'Task 5.1a'!A7,Impressions) -> 159298.96 | D7: =SUMIF(Posts!Campaign,'Task 5.1a'!A7,Likes) -> 1481603 | E7: =AVERAGEIF(Posts!Campaign,'Task 5.1a'!A7,Likes) -> 13718.546 | F7: =SUMIF(Posts!Campaign,'Task 5.1a'!A7,Clicks) -> 172188 | G7: =AVERAGEIF(Posts!Campaign,'Task 5.1a'!A7,Clicks) -> 1594.3333
A8: Apple Event September 2025 | B8: =SUMIF(Posts!Campaign,'Task 5.1a'!A8,Impressions) -> 18885503 | C8: =AVERAGEIF(Posts!Campaign,'Task 5.1a'!A8,Impressions) -> 148704.75 | D8: =SUMIF(Posts!Campaign,'Task 5.1a'!A8,Likes) -> 1766632 | E8: =AVERAGEIF(Posts!Campaign,'Task 5.1a'!A8,Likes) -> 13910.488 | F8: =SUMIF(Posts!Campaign,'Task 5.1a'!A8,Clicks) -> 214947 | G8: =AVERAGEIF(Posts!Campaign,'Task 5.1a'!A8,Clicks) -> 1692.4961

Sheet Task 5.1b
A1: Calculate: Measure engagement uplift during vs. before campaigns
A3: Campaign | B3: Engagement Rate Before the Campaign | C3: Engagement Rate During the Campaign | D3: Engagement Uplift
A4: Apple Event September 2025 | B4: 0 | C4: =SUMIFS(Posts!Engagement_Rate,Posts!Campaign,A4,Timeline,"During") -> 12.417431
A5: Apple Watch Ultra 2 Launch | B5: =SUMIFS(Posts!Engagement_Rate,Posts!Campaign,A5,Timeline,"Before") -> 11.762582 | C5: =SUMIFS(Posts!Engagement_Rate,Posts!Campaign,A5,Timeline,"During") -> 0.2640706 | D5: =(C5-B5)/B5 -> -0.97754995
A6: iPhone 16 Launch | B6: =SUMIFS(Posts!Engagement_Rate,Posts!Campaign,A6,Timeline,"Before") -> 0.45485611 | C6: =SUMIFS(Posts!Engagement_Rate,Posts!Campaign,A6,Timeline,"During") -> 1.5102512 | D6: =(C6-B6)/B6 -> 2.3202834
A7: MacBook Air M3 Campaign | B7: =SUMIFS(Posts!Engagement_Rate,Posts!Campaign,A7,Timeline,"Before") -> 2.412356 | C7: =SUMIFS(Posts!Engagement_Rate,Posts!Campaign,A7,Timeline,"During") -> 1.1195458 | D7: =(C7-B7)/B7 -> -0.53591186
A8: Sustainability Awareness Drive | B8: =SUMIFS(Posts!Engagement_Rate,Posts!Campaign,A8,Timeline,"Before") -> 10.451477 | C8: =SUMIFS(Posts!Engagement_Rate,Posts!Campaign,A8,Timeline,"During") -> 0.82554288 | D8: =(C8-B8)/B8 -> -0.92101184

Sheet Task 5.2
A1: Insights:
A3: Campaign Name | B3: Engagement Uplift | C3: Ad Spend | D3: Ad Spend (%) | E3: ROI
A4: Sustainability Awareness Drive | B4: 0.32 | C4: 40000 | D4: =C4/$C$9 -> 0.12698413 | E4: =B4/D4 -> 2.52
A5: Apple Watch Ultra 2 Launch | B5: 0.41 | C5: 55000 | D5: =C5/$C$9 -> 0.17460317 | E5: =B5/D5 -> 2.3481818
A6: MacBook Air M3 Campaign | B6: 0.38 | C6: 60000 | D6: =C6/$C$9 -> 0.19047619 | E6: =B6/D6 -> 1.995
A7: Apple Event September 2025 | B7: 0.47 | C7: 75000 | D7: =C7/$C$9 -> 0.23809524 | E7: =B7/D7 -> 1.974
A8: iPhone 16 Launch | B8: 0.45 | C8: 85000 | D8: =C8/$C$9 -> 0.26984127 | E8: =B8/D8 -> 1.6676471
B9: Total | C9: =SUM(C4:C8) -> 315000
A11: Which campaign had the highest ROI (engagement vs. spend)?
A12: Sustainability Awareness Drive
A16: Row Labels | B16: Total Followers gained
A17: Sustainability Awareness Drive | B17: 107259
A18: iPhone 16 Launch | B18: 106800
A19: MacBook Air M3 Campaign | B19: 99093
A20: Apple Watch Ultra 2 Launch | B20: 50927
A23: Which campaign drove the strongest follower growth?
A24: Sustainability Awareness Drive

Sheet Task 6.1 
A1: Visualize weekly follower growth per platform (line chart)
A3: Follower Growth | B3: Column Labels
A4: Row Labels | B4: Instagram | C4: LinkedIn | D4: Twitter | E4: YouTube | F4: Grand Total
A5: 03-06-2024 - 09-06-2024 | B5: 3777 | C5: 0 | D5: 7432 | E5: 15994 | F5: 27203
A6: 10-06-2024 - 16-06-2024 | B6: 7215 | C6: 0 | D6: 8369 | E6: 7478 | F6: 23062
A7: 17-06-2024 - 23-06-2024 | B7: 13130 | C7: 6728 | D7: 6073 | E7: 0 | F7: 25931
A8: 24-06-2024 - 30-06-2024 | B8: 4885 | C8: 0 | D8: 15084 | E8: 8653 | F8: 28622
A9: 01-07-2024 - 07-07-2024 | B9: 5928 | C9: 5442 | D9: 8463 | E9: 0 | F9: 19833
A10: 08-07-2024 - 14-07-2024 | B10: 0 | C10: 11378 | D10: 7151 | E10: 0 | F10: 18529
A11: 15-07-2024 - 21-07-2024 | B11: 4967 | C11: 0 | D11: 7092 | E11: 1826 | F11: 13885
A12: 22-07-2024 - 28-07-2024 | B12: 0 | C12: 15403 | D12: 7733 | E12: 9082 | F12: 32218
A13: 29-07-2024 - 04-08-2024 | B13: 0 | C13: 7537 | D13: 6039 | E13: 3445 | F13: 17021
A14: 05-08-2024 - 11-08-2024 | B14: 3213 | C14: 4847 | D14: 3497 | E14: 2543 | F14: 14100
A15: 12-08-2024 - 18-08-2024 | B15: 6853 | C15: 0 | D15: 12800 | E15: 7033 | F15: 26686
A16: 19-08-2024 - 25-08-2024 | B16: 13835 | C16: 0 | D16: 0 | E16: 9427 | F16: 23262
... A55: Grand Total | B55: 261862 | C55: 290487 | D55: 303407 | E55: 230642 | F55: 1086398

Sheet Task 6.2
A1: Identify the peak week of follower gain.
A3: Row Labels | B3: Follower Gain
A4: 22-07-2024 - 28-07-2024 | B4: 32218
A5: 21-10-2024 - 27-10-2024 | B5: 30891
A6: 24-02-2025 - 02-03-2025 | B6: 30446
A7: 25-11-2024 - 01-12-2024 | B7: 28625
A8: 24-06-2024 - 30-06-2024 | B8: 28622
A9: 03-02-2025 - 09-02-2025 | B9: 28533
A10: 17-03-2025 - 23-03-2025 | B10: 28020
A11: 20-01-2025 - 26-01-2025 | B11: 27809
A12: 28-10-2024 - 03-11-2024 | B12: 27254
A13: 03-06-2024 - 09-06-2024 | B13: 27203
A14: 06-01-2025 - 12-01-2025 | B14: 27057
A15: 12-08-2024 - 18-08-2024 | B15: 26686
... A53: 10-02-2025 - 16-02-2025 | B53: 13642

Sheet Task 6.3
A1: Use moving averages to smooth growth trends.
A4: Row Labels | B4: Follower Gain
A5: 03-06-2024 - 09-06-2024 | B5: 27203
A6: 10-06-2024 - 16-06-2024 | B6: 23062
A7: 17-06-2024 - 23-06-2024 | B7: 25931
A8: 24-06-2024 - 30-06-2024 | B8: 28622
A9: 01-07-2024 - 07-07-2024 | B9: 19833
A10: 08-07-2024 - 14-07-2024 | B10: 18529
A11: 15-07-2024 - 21-07-2024 | B11: 13885
A12: 22-07-2024 - 28-07-2024 | B12: 32218
A13: 29-07-2024 - 04-08-2024 | B13: 17021
A14: 05-08-2024 - 11-08-2024 | B14: 14100
A15: 12-08-2024 - 18-08-2024 | B15: 26686
A16: 19-08-2024 - 25-08-2024 | B16: 23262
... A54: 12-05-2025 - 13-05-2025 | B54: 18387

Sheet Task 6.4
A1: Correlate ad spend vs. follower growth using scatter plots.
A3: Week | B3: Ad Spend | C3: Follower Gain
A4: 03-06-2024 - 09-06-2024 | B4: 138117 | C4: 27203
A5: 10-06-2024 - 16-06-2024 | B5: 150962 | C5: 23062
A6: 17-06-2024 - 23-06-2024 | B6: 98040 | C6: 25931
A7: 24-06-2024 - 30-06-2024 | B7: 164565 | C7: 28622
A8: 01-07-2024 - 07-07-2024 | B8: 156343 | C8: 19833
A9: 08-07-2024 - 14-07-2024 | B9: 111798 | C9: 18529
A10: 15-07-2024 - 21-07-2024 | B10: 96330 | C10: 13885
A11: 22-07-2024 - 28-07-2024 | B11: 165690 | C11: 32218
A12: 29-07-2024 - 04-08-2024 | B12: 149979 | C12: 17021
A13: 05-08-2024 - 11-08-2024 | B13: 137738 | C13: 14100
A14: 12-08-2024 - 18-08-2024 | B14: 127141 | C14: 26686
A15: 19-08-2024 - 25-08-2024 | B15: 131436 | C15: 23262
... A53: 12-05-2025 - 13-05-2025 | B53: 153197 | C53: 18387

Sheet Sheet
A1: The data in this sheet is used for task 6.4
A3: Row Labels | B3: Sum of Growth Rate | C3: Sum of Ad_Spend
A4: 03-06-2024 - 09-06-2024 | B4: 27203 | C4: 138117
A5: 10-06-2024 - 16-06-2024 | B5: 23062 | C5: 150962
A6: 17-06-2024 - 23-06-2024 | B6: 25931 | C6: 98040
A7: 24-06-2024 - 30-06-2024 | B7: 28622 | C7: 164565
A8: 01-07-2024 - 07-07-2024 | B8: 19833 | C8: 156343
A9: 08-07-2024 - 14-07-2024 | B9: 18529 | C9: 111798
A10: 15-07-2024 - 21-07-2024 | B10: 13885 | C10: 96330
A11: 22-07-2024 - 28-07-2024 | B11: 32218 | C11: 165690
A12: 29-07-2024 - 04-08-2024 | B12: 17021 | C12: 149979
A13: 05-08-2024 - 11-08-2024 | B13: 14100 | C13: 137738
A14: 12-08-2024 - 18-08-2024 | B14: 26686 | C14: 127141
A15: 19-08-2024 - 25-08-2024 | B15: 23262 | C15: 131436
... A53: 12-05-2025 - 13-05-2025 | B53: 18387 | C53: 153197

Sheet Approach Document and Video Lin
B4: Link to the Approach Document:
B5: https://docs.google.com/document/d/1zigBcXBCrHO6YJnje9rFk9xCIVDu1WS06QtFDMOTovQ/edit?usp=sharing
B8: Link to the Video:
B9: https://drive.google.com/drive/folders/15EqoIXT8ulS4uxQIqTELhvASXFgDvkKo?usp=drive_link
